{
  "task": "operator learning \u2014 1D viscous Burgers, u(.,0) -> u(.,1)",
  "dataset": "self-generated Burgers GRF, nu=0.001, T=1.0, grid=128, 1000 train / 200 val / 200 test",
  "metrics": [
    "rel_l2"
  ],
  "seeds": [
    0,
    1,
    2
  ],
  "provenance": {
    "mode": "measured",
    "source": "measured run from experiment/run_all.py (pseudo-spectral ground truth generated in data.py; no external dataset)",
    "dataset_contract": "./data_contract.md",
    "timestamp": "2026-07-03T10:52:50Z",
    "hardware": "CPU (local); PyTorch 2.5.1",
    "wall_clock_seconds": 2072.2
  },
  "summary": {
    "fno": {
      "rel_l2": {
        "mean": 0.044065588464339576,
        "std": 0.0013314714260808244,
        "n_seeds": 3,
        "params": 74209
      }
    },
    "mlp": {
      "rel_l2": {
        "mean": 0.2162876675526301,
        "std": 0.005293965368829646,
        "n_seeds": 3,
        "params": 657024
      }
    },
    "cnn": {
      "rel_l2": {
        "mean": 0.6768967906634012,
        "std": 0.001847803364418399,
        "n_seeds": 3,
        "params": 41793
      }
    }
  },
  "ablation": {
    "fourier_modes": {
      "modes": [
        4,
        8,
        12,
        16
      ],
      "rel_l2": [
        0.06128436699509621,
        0.0463964119553566,
        0.04563150554895401,
        0.04594452306628227
      ]
    },
    "train_size": {
      "n_train": [
        200,
        500,
        1000
      ],
      "rel_l2": [
        0.10425805300474167,
        0.06252683699131012,
        0.04594452306628227
      ]
    }
  },
  "super_resolution": {
    "grids": [
      128,
      256,
      512,
      1024
    ],
    "fno": [
      0.04594452306628227,
      0.047200094908475876,
      0.04484383761882782,
      0.04153083264827728
    ],
    "cnn": [
      0.6743627190589905,
      0.7433852553367615,
      0.7392189502716064,
      0.7255259156227112
    ]
  },
  "training_curves": {
    "fno": {
      "train_loss": [
        0.6333916223049164,
        0.2516102227568626,
        0.1543902997672558,
        0.13064879506826402,
        0.10890018746256828,
        0.10103444173932076,
        0.08633143171668052,
        0.07676660686731339,
        0.07108507506549358,
        0.06530068531632423,
        0.0665877415239811,
        0.05577890384942293,
        0.05296368557959795,
        0.05074662283062935,
        0.04993490695953369,
        0.04818498950451613,
        0.05156113047152758,
        0.05140613615512848,
        0.04581479102373123,
        0.04497684191912413,
        0.0395918171107769,
        0.03820733040571213,
        0.035883699059486386,
        0.034567447230219844,
        0.0338419970497489,
        0.03532489702105522,
        0.03218279995024204,
        0.031119686774909495,
        0.030946391746401788,
        0.02957971516996622,
        0.029273186922073365,
        0.028778944350779056,
        0.028184775598347186,
        0.027616490740329028,
        0.026432202309370042,
        0.02678523078560829,
        0.02626845920458436,
        0.025326901488006114,
        0.024858865924179553,
        0.02425005078315735,
        0.024126042686402796,
        0.02411428837105632,
        0.02360570611432195,
        0.02339274700731039,
        0.02323198499158025,
        0.023143998477607966,
        0.023033051751554012,
        0.022960658352822065,
        0.022915065456181764,
        0.022866695504635572
      ],
      "val_loss": [
        0.3737625181674957,
        0.1989971101284027,
        0.16116228699684143,
        0.12762200832366943,
        0.10839693993330002,
        0.09260620921850204,
        0.0958857536315918,
        0.0815032571554184,
        0.07369103282690048,
        0.0720299482345581,
        0.06780485808849335,
        0.06565158814191818,
        0.06895792484283447,
        0.06547559052705765,
        0.0818246454000473,
        0.06553631275892258,
        0.06340793520212173,
        0.06809252500534058,
        0.06121837720274925,
        0.06235665827989578,
        0.057199835777282715,
        0.058736830949783325,
        0.05775909870862961,
        0.05422333627939224,
        0.05529538542032242,
        0.05775311961770058,
        0.053813446313142776,
        0.0514540895819664,
        0.05209704488515854,
        0.051460109651088715,
        0.0513177253305912,
        0.0521395243704319,
        0.05025164783000946,
        0.04938386008143425,
        0.04915124922990799,
        0.05213652923703194,
        0.049031805247068405,
        0.04984504356980324,
        0.04898607358336449,
        0.0482298843562603,
        0.048822320997714996,
        0.048170119524002075,
        0.048515722155570984,
        0.04797949641942978,
        0.04819972813129425,
        0.04806685075163841,
        0.04800543934106827,
        0.04790704697370529,
        0.04793553054332733,
        0.04789890721440315
      ]
    },
    "mlp": {
      "train_loss": [
        0.5657547247409821,
        0.42235316932201383,
        0.3715935254096985,
        0.34395362317562106,
        0.3240797519683838,
        0.31256125688552855,
        0.29892497837543486,
        0.2921116203069687,
        0.2717511993646622,
        0.26852094143629074,
        0.2592927861213684,
        0.24689440220594405,
        0.2477223214507103,
        0.24005811274051667,
        0.22512243181467056,
        0.22521603882312774,
        0.20885956555604934,
        0.2047646576166153,
        0.2023261770606041,
        0.19275744527578353,
        0.18619575917720796,
        0.18084241390228273,
        0.17849372416734696,
        0.17459820717573166,
        0.1708973130583763,
        0.1645250403881073,
        0.15888385474681854,
        0.1536824142932892,
        0.14898425489664077,
        0.14693145245313644,
        0.1426699462532997,
        0.1385062551498413,
        0.13482685282826423,
        0.131128910779953,
        0.12699392378330232,
        0.12389533534646034,
        0.12135160192847252,
        0.1187793754041195,
        0.11612737134099006,
        0.11318944066762925,
        0.111247718334198,
        0.10914717763662338,
        0.10754953265190124,
        0.10620399922132492,
        0.10482873812317849,
        0.10389526203274727,
        0.10316140934824944,
        0.10256928205490112,
        0.10215243399143219,
        0.10195847034454346
      ],
      "val_loss": [
        0.4714738130569458,
        0.4228346645832062,
        0.39242398738861084,
        0.35775434970855713,
        0.35117992758750916,
        0.3616020977497101,
        0.32499709725379944,
        0.30837714672088623,
        0.31240347027778625,
        0.2940382659435272,
        0.29300743341445923,
        0.28732696175575256,
        0.28558817505836487,
        0.2784217596054077,
        0.2906024158000946,
        0.27351492643356323,
        0.2631659209728241,
        0.26589667797088623,
        0.2583218812942505,
        0.25643211603164673,
        0.24973930418491364,
        0.25034576654434204,
        0.2433401346206665,
        0.2442607283592224,
        0.24493999779224396,
        0.24137535691261292,
        0.23649108409881592,
        0.23838745057582855,
        0.23177284002304077,
        0.23276764154434204,
        0.22959572076797485,
        0.22739839553833008,
        0.22349955141544342,
        0.22798031568527222,
        0.22559447586536407,
        0.22102290391921997,
        0.22259683907032013,
        0.21902811527252197,
        0.21963520348072052,
        0.21891948580741882,
        0.21771331131458282,
        0.21757489442825317,
        0.21676188707351685,
        0.21696916222572327,
        0.21628154814243317,
        0.21636438369750977,
        0.21616704761981964,
        0.21607138216495514,
        0.2160695195198059,
        0.2160792499780655
      ]
    },